[
    {
        "id": "001",
        "name": "ADAMILTON PEREIRA MELO JUNIOR",
        "email": "adamiltonjunior@mail.com"
    },
    {
        "id": "002",
        "name": "ADRIANA COSTA DA SILVA",
        "email": "adrianasilva@mail.com"
    },
    {
        "id": "003",
        "name": "ALEHFF EINSTEIN COSTA DE ASSIS",
        "email": "alehffassis@mail.com"
    },
    {
        "id": "004",
        "name": "ALESSANDRO GOMES DA SILVA",
        "email": "alessandrosilva@mail.com"
    },
    {
        "id": "005",
        "name": "ANDERSON FERREIRA ALVES",
        "email": "andersonalves@mail.com"
    },
    {
        "id": "006",
        "name": "ANDERSON PACHECO SOARES",
        "email": "andersonsoares@mail.com"
    },
    {
        "id": "007",
        "name": "ATHOS DA SILVA BALMANT",
        "email": "athosbalmant@mail.com"
    },
    {
        "id": "008",
        "name": "AUGUSTO RODRIGUES DE MELO BRAGA",
        "email": "augustorodrigues@mail.com"
    },
    {
        "id": "009",
        "name": "BRENDA CHRISTINE CUSTODIO VIEIRA",
        "email": "brendavieira@mail.com"
    },
    {
        "id": "010",
        "name": "BRUNO BARBOSA SANTOS",
        "email": "brunosantos@mail.com"
    },
    {
        "id": "011",
        "name": "CAIQUE CALIOPE OLIVEIRA CORCOVIA",
        "email": "caiquecorcovia@mail.com"
    },
    {
        "id": "012",
        "name": "DANUBIO RAYN FERNANDO MOREIRA MULLER",
        "email": "danubiomuller@mail.com"
    },
    {
        "id": "013",
        "name": "DAVID GOMES NASCIMENTO",
        "email": "davidnascimento@mail.com"
    },
    {
        "id": "014",
        "name": "DAVID HENRIQUE SOUZA SANTANA",
        "email": "davidsantana@mail.com"
    },
    {
        "id": "015",
        "name": "EMMANUELLE FLORA AMARAL BARBOSA DE OLIVEIRA",
        "email": "emmanuelleoliveira@mail.com"
    },
    {
        "id": "016",
        "name": "FABRICIO RODRIGUES PEREIRA",
        "email": "fabriciopereira@mail.com"
    },
    {
        "id": "017",
        "name": "FELIPE ALAN DE ALMEIDA",
        "email": "felipealmeida@mail.com"
    },
    {
        "id": "018",
        "name": "FELIPE BUENO NUNES",
        "email": "felipenunes@mail.com"
    },
    {
        "id": "019",
        "name": "FELIPE TESSAROLLO RAMOS",
        "email": "feliperamos@mail.com"
    },
    {
        "id": "020",
        "name": "FELIPE VICENTINI ALVAREZ",
        "email": "felipealvarez@mail.com"
    },
    {
        "id": "021",
        "name": "FELYPE NASCIMENTO SILVA",
        "email": "felypesilva@mail.com"
    },
    {
        "id": "022",
        "name": "FERNANDO CELESTRINO RIBEIRO",
        "email": "fernandoribeiro@mail.com"
    },
    {
        "id": "023",
        "name": "GABRIEL DE SOUSA",
        "email": "gabrielsousa@mail.com"
    },
    {
        "id": "024",
        "name": "GABRIELA LARYSSA OLIVEIRA MOREIRA",
        "email": "gabrielamoreira@mail.com"
    },
    {
        "id": "025",
        "name": "GISLENE SAYURI KUDO DE CAMARGO RODRIGUES",
        "email": "gislenerodrigues@mail.com"
    },
    {
        "id": "026",
        "name": "GUSTAVO DOS SANTOS",
        "email": "gustavosantos@mail.com"
    },
    {
        "id": "027",
        "name": "HUGO SOUSA PAIVA",
        "email": "hugopaiva@mail.com"
    },
    {
        "id": "028",
        "name": "IVAN RAMALHO TONIAL",
        "email": "ivantonial@mail.com"
    },
    {
        "id": "029",
        "name": "JAIME EDUARDO BURBANO LANDAZURI NETO",
        "email": "jaimeneto@mail.com"
    },
    {
        "id": "030",
        "name": "JOAO LUCAS DE ALCANTARA",
        "email": "joaoalcantara@mail.com"
    },
    {
        "id": "031",
        "name": "JOAO MIGUEL CANDIDO ANASTACIO COSTA",
        "email": "joaocosta@mail.com"
    },
    {
        "id": "032",
        "name": "JOSE CARLOS BATISTA DE OLIVEIRA NETO",
        "email": "joseneto@mail.com"
    },
    {
        "id": "033",
        "name": "LUAN RAABE PEREIRA FERREIRA",
        "email": "luanferreira@mail.com"
    },
    {
        "id": "034",
        "name": "LUIS GUSTAVO CARDOSO ZANETTI PEREIRA",
        "email": "luispereira@mail.com"
    },
    {
        "id": "035",
        "name": "LUIZ GUSTAVO RIBEIRO CALDAS DA SILVA",
        "email": "luizsilva@mail.com"
    },
    {
        "id": "036",
        "name": "MARCOS DOUGLAS DA SILVA MARTINS",
        "email": "marcosmartins@mail.com"
    },
    {
        "id": "037",
        "name": "MARCOS PETER SOUZA LOBATO JUNIOR",
        "email": "marcosjunior@mail.com"
    },
    {
        "id": "038",
        "name": "MARCOS RAFAEL DE PAULA",
        "email": "marcospaula@mail.com"
    },
    {
        "id": "039",
        "name": "MAURO DE MELO LOPES",
        "email": "maurolopes@mail.com"
    },
    {
        "id": "040",
        "name": "PAOLA RAMOS SARAIVA",
        "email": "paolasaraiva@mail.com"
    },
    {
        "id": "041",
        "name": "PAULO ALEXANDRE DA SILVA",
        "email": "paulosilva@mail.com"
    },
    {
        "id": "042",
        "name": "PEDRO IVO COELHO BARBOSA",
        "email": "pedrobarbosa@mail.com"
    },
    {
        "id": "043",
        "name": "PEDRO LUCAS DE CASTRO SILVA",
        "email": "pedrolucas@mail.com"
    },
    {
        "id": "044",
        "name": "PLINIO FIGUEIREDO DOS SANTOS",
        "email": "pliniosantos@mail.com"
    },
    {
        "id": "045",
        "name": "RENATO MIGUEL NASCIMENTO OLIVEIRA",
        "email": "renatooliveira@mail.com"
    },
    {
        "id": "046",
        "name": "RICARDO FELIPE MAGALHAES CARDOSO",
        "email": "ricardocardoso@mail.com"
    },
    {
        "id": "047",
        "name": "RIDAILDA FLAVIA DE SOUZA PEREIRA",
        "email": "ridaildapereira@mail.com"
    },
    {
        "id": "048",
        "name": "RODRIGO LUIZ DE FRANCA",
        "email": "rodrigofranca@mail.com"
    },
    {
        "id": "049",
        "name": "RODRIGO SOUZA DE FREITAS",
        "email": "rodrigofreitas@mail.com"
    },
    {
        "id": "050",
        "name": "RODRIGO VIEIRA CHAVES",
        "email": "rodrigochaves@mail.com"
    },
    {
        "id": "501",
        "name": "SAMUEL HENRIQUE VIEIRA RODRIGUES",
        "email": "samuelrodrigues@mail.com"
    },
    {
        "id": "052",
        "name": "SERGIO PEREIRA DE OLIVEIRA JUNIOR",
        "email": "sergiojunior@mail.com"
    },
    {
        "id": "053",
        "name": "STENIO VINICIOS DE MEDEIROS",
        "email": "steniomedeiros@mail.com"
    },
    {
        "id": "054",
        "name": "TALITA OLIVEIRA DUARTE",
        "email": "talitaduarte@mail.com"
    },
    {
        "id": "055",
        "name": "TIAGO SANTOS DE JESUS",
        "email": "tiagojesus@mail.com"
    },
    {
        "id": "056",
        "name": "VICTOR HUGO DA SILVA CAMPOS",
        "email": "victorcampos@mail.com"
    },
    {
        "id": "057",
        "name": "VICTORIA MARIA DE QUEIROZ LOPES DE ABREU",
        "email": "victoriaabreu@mail.com"
    },
    {
        "id": "058",
        "name": "VINICIUS NORONHA ALMEIDA",
        "email": "viniciusalmeida@mail.com"
    },
    {
        "id": "059",
        "name": "VITOR RAMOS TURIBIO",
        "email": "vitorturibio@mail.com"
    },
    {
        "id": "060",
        "name": "WASHINGTON DE SOUZA GACHO",
        "email": "washingtongacho@mail.com"
    },
    {
        "id": "061",
        "name": "WELLINGTON RAMOS LACERDA FILHO",
        "email": "wellingtonfilho@mail.com"
    },
    {
        "id": "062",
        "name": "YAN CASSIANO VIEIRA",
        "email": "yanvieira@mail.com"
    },
    {
        "id": "063",
        "name": "YETE ABUNA MARQUES LABARCA",
        "email": "yetelabarca@mail.com"
    },
    {
        "id": "7851",
        "name": "ELLINGSTON BOONIE ROZELLE KAMERMAN MALACHY",
        "email": "ellingstonmalachy@yahoo.com.br"
    },
    {
        "id": "1984",
        "name": "LOWERY AMBROSE REAGEN",
        "email": "loweryreagen@outlook.com"
    },
    {
        "id": "3170",
        "name": "EARLE WOLBROM HUMPAGE ANDEREGG",
        "email": "earleanderegg@yahoo.com"
    },
    {
        "id": "583",
        "name": "LEVENTHAL THETOS THURMANN HANSCHEN ROHN",
        "email": "leventhalrohn@inbox.com"
    },
    {
        "id": "2680",
        "name": "BEKER GUN GRISTEDE",
        "email": "bekergristede@mail.com"
    },
    {
        "id": "3097",
        "name": "ABRAMSON PADGET FLOSS LISBETH GANNES",
        "email": "abramsongannes@mail.com"
    },
    {
        "id": "258",
        "name": "WOLSKY LANDES LAURANCE KIRKPATRICK DESDAMONNA",
        "email": "wolskydesdamonna@icloud.com"
    },
    {
        "id": "452",
        "name": "MORENO CALISE AVRIT GEILICH TILLFOURD",
        "email": "morenotillfourd@mail.com"
    },
    {
        "id": "5654",
        "name": "HIGGINSON MINORU JAMAAL REEHER",
        "email": "higginsonreeher@outlook.com"
    },
    {
        "id": "2346",
        "name": "EWARD DIELLE OBAZA DRUCE LETTE",
        "email": "ewardlette@mail.com"
    },
    {
        "id": "2786",
        "name": "GRISELDA ELANE QUENNIE VASILEIOR",
        "email": "griseldavasileior@hotmail.com"
    },
    {
        "id": "9943",
        "name": "FRIEDERIKE KATHY SCHWAB DURKEE TADASHI",
        "email": "friederiketadashi@icloud.com"
    },
    {
        "id": "7913",
        "name": "ROSY STREPHONN AUTREY",
        "email": "rosyautrey@mail.com"
    },
    {
        "id": "4484",
        "name": "OCTAVIE LORIEN NANCEE SUZAN",
        "email": "octaviesuzan@yahoo.com"
    },
    {
        "id": "6812",
        "name": "TARRSUS DARBEE ANNMARIA CADMAN NIOBE PEPI",
        "email": "tarrsuspepi@yahoo.com"
    },
    {
        "id": "906",
        "name": "TICHONN LUIGI UDELLA LIAN",
        "email": "tichonnlian@gmail.com"
    },
    {
        "id": "4782",
        "name": "GAGNON HAYS CAMILLA LEDAH",
        "email": "gagnonledah@icloud.com"
    },
    {
        "id": "273",
        "name": "ANDREAS SISSIE CLARETA UNO KEPNER BAXIE",
        "email": "andreasbaxie@hotmail.com"
    },
    {
        "id": "4165",
        "name": "STOLLER BLOOMER BOWERMAN",
        "email": "stollerbowerman@icloud.com"
    },
    {
        "id": "4023",
        "name": "CELESKI HARP SIDA",
        "email": "celeskisida@outlook.com"
    },
    {
        "id": "3656",
        "name": "MALVIN PAYSON HORGAN YORDAN",
        "email": "malvinyordan@inbox.com"
    },
    {
        "id": "6715",
        "name": "XYLIA RADLOFF WITHA",
        "email": "xyliawitha@outlook.com"
    },
    {
        "id": "9620",
        "name": "MATHE CASTARA IKEY SADIRA PARESH",
        "email": "matheparesh@hotmail.com"
    },
    {
        "id": "9174",
        "name": "TANITANSY DONALT CLEON HARMAN HENIG REGO",
        "email": "tanitansyrego@gmail.com"
    },
    {
        "id": "9413",
        "name": "KORNS THORDIA CORBETT JOCELIN DESDEE",
        "email": "kornsdesdee@gmail.com"
    },
    {
        "id": "5173",
        "name": "GENT BEV TOMA ASTERA",
        "email": "gentastera@mail.com"
    },
    {
        "id": "1237",
        "name": "PHILPOT TURRELL FERNANDES NOLL AILEEN",
        "email": "philpotaileen@hotmail.com"
    },
    {
        "id": "8230",
        "name": "WOLBROM KEVYN BOND",
        "email": "wolbrombond@mail.com"
    },
    {
        "id": "8747",
        "name": "MENDEL LUDOVICK GABE GRAEHL GREGOR HARBARD",
        "email": "mendelharbard@outlook.com"
    },
    {
        "id": "4904",
        "name": "PERLOFF PIERPONT NIC HAFF",
        "email": "perloffhaff@yahoo.com.br"
    },
    {
        "id": "5112",
        "name": "BLAKELEE BRANCH THEALL TEVIS",
        "email": "blakeleetevis@icloud.com"
    },
    {
        "id": "9548",
        "name": "JEANNETTE FERNANDINA HOFFMAN",
        "email": "jeannettehoffman@gmail.com"
    },
    {
        "id": "1584",
        "name": "CALLAN FLAVIA OZMO MILL CRISTINE BROTT",
        "email": "callanbrott@outlook.com"
    },
    {
        "id": "5485",
        "name": "MEHALA RASKIN JEWELLE BETHANY ASUNCION",
        "email": "mehalaasuncion@yahoo.com.br"
    },
    {
        "id": "1279",
        "name": "ELBOA HARTE COTTLE PACO",
        "email": "elboapaco@inbox.com"
    },
    {
        "id": "517",
        "name": "SONYA MADELENA HILLARD CORALINE TYRE ASTRIX",
        "email": "sonyaastrix@yahoo.com"
    },
    {
        "id": "5566",
        "name": "IER HORACE CORNY",
        "email": "iercorny@outlook.com"
    },
    {
        "id": "7172",
        "name": "TUROFF ISACCO ELIZABETH HIRO FABIOLAS MORGEN",
        "email": "turoffmorgen@gmail.com"
    },
    {
        "id": "9330",
        "name": "MERNA BARBY BOOR MAIDEL",
        "email": "mernamaidel@inbox.com"
    },
    {
        "id": "7085",
        "name": "SANDYE PUTNEM DENNEY DUSTAN ROBINA",
        "email": "sandyerobina@icloud.com"
    },
    {
        "id": "6184",
        "name": "HORTEN CHEMARIN CONSTANCE",
        "email": "hortenconstance@mail.com"
    },
    {
        "id": "7748",
        "name": "MOLTON TOBIT SEATON ASHELY",
        "email": "moltonashely@icloud.com"
    },
    {
        "id": "3998",
        "name": "JILLENE MICHAIL THERON SELHORST CORSETTI",
        "email": "jillenecorsetti@yahoo.com.br"
    },
    {
        "id": "8751",
        "name": "BOURKE GRANVILLE VASTI",
        "email": "bourkevasti@outlook.com"
    },
    {
        "id": "1964",
        "name": "KEENE TOMA CARMEL SERICA ANTONIETTA NUR",
        "email": "keenenur@yahoo.com"
    },
    {
        "id": "655",
        "name": "THAR NURI LUDEMAN MATEUSZ TOSCH GREFE",
        "email": "thargrefe@gmail.com"
    },
    {
        "id": "9047",
        "name": "CONWAY SIANA EMERA SAYCE MAHON",
        "email": "conwaymahon@hotmail.com"
    },
    {
        "id": "8639",
        "name": "DONELSON ZSOLWAY JAMMAL",
        "email": "donelsonjammal@icloud.com"
    },
    {
        "id": "7465",
        "name": "MILKS TANNY HESS NICHOLE",
        "email": "milksnichole@mail.com"
    },
    {
        "id": "1700",
        "name": "MAYDA ODEEN ZIPPEL KALINDA BANDER ELLE",
        "email": "maydaelle@inbox.com"
    },
    {
        "id": "6328",
        "name": "JYOTI ELISA KALL",
        "email": "jyotikall@yahoo.com"
    },
    {
        "id": "5739",
        "name": "RUCKER FINEBERG CAROLA FLORY BENTLY",
        "email": "ruckerbently@inbox.com"
    },
    {
        "id": "2901",
        "name": "PALUMBO REACE CLIFFORD PREVIDI",
        "email": "palumboprevidi@outlook.com"
    },
    {
        "id": "6842",
        "name": "FERREN ELISE SHANTEE WIE",
        "email": "ferrenwie@hotmail.com"
    },
    {
        "id": "2635",
        "name": "HASIN GEORG SEMMES CONSTANCE OBER",
        "email": "hasinober@gmail.com"
    },
    {
        "id": "9369",
        "name": "MENG LIN PARISH MANFRED BOLEYN HORODKO",
        "email": "menghorodko@gmail.com"
    },
    {
        "id": "3147",
        "name": "BRIGHT AMATHIST COLAN COSTANZIA",
        "email": "brightcostanzia@hotmail.com"
    },
    {
        "id": "6279",
        "name": "GEREK ALBION PATON",
        "email": "gerekpaton@yahoo.com.br"
    },
    {
        "id": "216",
        "name": "GEANINE BARSTOW TULLY BRADLEIGH KETTI",
        "email": "geanineketti@hotmail.com"
    },
    {
        "id": "217",
        "name": "JODEE MAXIMA FRIDLUND LEILAH",
        "email": "jodeeleilah@yahoo.com.br"
    },
    {
        "id": "5148",
        "name": "LEANDER OMOR LARAINE CRYSTA",
        "email": "leandercrysta@hotmail.com"
    },
    {
        "id": "6626",
        "name": "BIRKNER LOGINOV CROCKETT DAWNA",
        "email": "birknerdawna@hotmail.com"
    },
    {
        "id": "2220",
        "name": "SHERWYND FORLINI BLAIN THETA",
        "email": "sherwyndtheta@gmail.com"
    },
    {
        "id": "3273",
        "name": "ADAHA JOCELYN HAMMOND",
        "email": "adahahammond@hotmail.com"
    },
    {
        "id": "2687",
        "name": "MADID MEGHAN HEGER NOVAH LAKTASIC LEAH",
        "email": "madidleah@yahoo.com.br"
    },
    {
        "id": "6896",
        "name": "TAMMA ONEILL TOOR FERD HANCE",
        "email": "tammahance@inbox.com"
    },
    {
        "id": "8233",
        "name": "KERMAN MARELLA ERASTUS SACKEN QUILLAN AMBLE",
        "email": "kermanamble@gmail.com"
    },
    {
        "id": "8519",
        "name": "RATHER TONJES TRUC HAD AENEA BANKY",
        "email": "ratherbanky@yahoo.com.br"
    },
    {
        "id": "9933",
        "name": "CUTTIE BARBARA-ANNE CLAPP EMMIT GRESHAM MCKNIGHT",
        "email": "cuttiemcknight@hotmail.com"
    },
    {
        "id": "3587",
        "name": "DAR PAYNTER COLLIGAN SILDEN TRAINOR",
        "email": "dartrainor@yahoo.com.br"
    },
    {
        "id": "8282",
        "name": "NICOLEA MEAVE MAGNUM SCHINDLER",
        "email": "nicoleaschindler@gmail.com"
    },
    {
        "id": "3265",
        "name": "GLORY HEYMANN CILKA CARLOTTA",
        "email": "glorycarlotta@yahoo.com"
    },
    {
        "id": "1364",
        "name": "ALIDIA MALVINO TRAINOR OCKER MALCAH WIL",
        "email": "alidiawil@outlook.com"
    },
    {
        "id": "3240",
        "name": "JAMMIE VIRGIN CLARKE ELLETTE MARTA MALVIA",
        "email": "jammiemalvia@gmail.com"
    },
    {
        "id": "4952",
        "name": "ELYSIA BILICKI NEDRAH PRISSIE",
        "email": "elysiaprissie@icloud.com"
    },
    {
        "id": "9551",
        "name": "LOUISA SHIMKUS NEALAH KIRSTENI SHERMAN ENSOLL",
        "email": "louisaensoll@mail.com"
    },
    {
        "id": "6518",
        "name": "AKEYLAH CLARDY MITCH",
        "email": "akeylahmitch@hotmail.com"
    },
    {
        "id": "1920",
        "name": "DOYKOS BARRY AGGI REGAZZI",
        "email": "doykosregazzi@mail.com"
    },
    {
        "id": "1244",
        "name": "SABER HOWE CRESSIDA CHRISTYNA YARD TAAM",
        "email": "sabertaam@yahoo.com"
    },
    {
        "id": "4383",
        "name": "LAL VANYA OFILIA",
        "email": "lalofilia@outlook.com"
    },
    {
        "id": "1601",
        "name": "HORWATH FORELLI ELDER KAYLA",
        "email": "horwathkayla@outlook.com"
    },
    {
        "id": "3203",
        "name": "WALTER JAYSON ZIAGOS",
        "email": "walterziagos@outlook.com"
    },
    {
        "id": "3202",
        "name": "CYNDE ARVELL LULA WEINSTOCK JOANA GASS",
        "email": "cyndegass@gmail.com"
    },
    {
        "id": "562",
        "name": "KOPP DARROW RUPRECHT",
        "email": "koppruprecht@yahoo.com.br"
    },
    {
        "id": "4933",
        "name": "DASYA COMBES RAYBIN JONELL",
        "email": "dasyajonell@gmail.com"
    },
    {
        "id": "559",
        "name": "KOTICK LEYES GONAGLE",
        "email": "kotickgonagle@hotmail.com"
    },
    {
        "id": "7936",
        "name": "RHINES GIRHINY JOSEFINA EMEE",
        "email": "rhinesemee@yahoo.com.br"
    },
    {
        "id": "8478",
        "name": "EDEA TRUE ERVINE POURNARAS",
        "email": "edeapournaras@yahoo.com.br"
    },
    {
        "id": "3151",
        "name": "CARLITA WOOLDRIDGE KOSSE BISHOP",
        "email": "carlitabishop@icloud.com"
    },
    {
        "id": "5169",
        "name": "KERRILL HAWKIE VLAD",
        "email": "kerrillvlad@gmail.com"
    },
    {
        "id": "5186",
        "name": "BERARD SAXE SOFER CHANSOO",
        "email": "berardchansoo@inbox.com"
    },
    {
        "id": "439",
        "name": "GILBERTINE WENONAH GRANVILLE GAVRIELLA TOWN DESMOND",
        "email": "gilbertinedesmond@gmail.com"
    },
    {
        "id": "335",
        "name": "PHILLIP ROESER PLACIDIA",
        "email": "phillipplacidia@icloud.com"
    },
    {
        "id": "9125",
        "name": "BEZANSON RUZICH LAURENTIUM YANCEY",
        "email": "bezansonyancey@inbox.com"
    },
    {
        "id": "7155",
        "name": "CLARISA FRANCE CAPON IVEY HANNIE",
        "email": "clarisahannie@inbox.com"
    },
    {
        "id": "6303",
        "name": "RAWLEY LYNSEY JERRYLEE",
        "email": "rawleyjerrylee@yahoo.com"
    },
    {
        "id": "3520",
        "name": "GAVRIELLA UELA TERRISS CONNEL REDVERS YETTI",
        "email": "gavriellayetti@yahoo.com"
    },
    {
        "id": "5215",
        "name": "NADIA VALENTE BARMEN ROLA LOREDANA",
        "email": "nadialoredana@yahoo.com.br"
    },
    {
        "id": "4761",
        "name": "JACKELYN DURHAM BURKHART EISENSTARK",
        "email": "jackelyneisenstark@mail.com"
    },
    {
        "id": "9154",
        "name": "BREANNE LONNIE HOWLAND GOKEY VORFELD ANDRES",
        "email": "breanneandres@mail.com"
    },
    {
        "id": "5466",
        "name": "TOFT ZEBEDEE TABBATHA SALVADOR JOLEEN",
        "email": "toftjoleen@outlook.com"
    }
]