[
    {"id": 1,"name":"ADAMILTON PEREIRA MELO JUNIOR ","email":"adamiltonjunior@mail.com"},
    {"id": 2,"name":"ADRIANA COSTA DA SILVA ","email":"adrianasilva@mail.com"},
    {"id": 3,"name":"ALEHFF EINSTEIN COSTA DE ASSIS ","email":"alehffassis@mail.com"},
    {"id": 4,"name":"ALESSANDRO GOMES DA SILVA ","email":"alessandrosilva@mail.com"},
    {"id": 5,"name":"ANDERSON FERREIRA ALVES ","email":"andersonalves@mail.com"},
    {"id": 6,"name":"ANDERSON PACHECO SOARES","email":"andersonsoares@mail.com"},
    {"id": 7,"name":"ATHOS DA SILVA BALMANT","email":"athosbalmant@mail.com"},
    {"id": 8,"name":"AUGUSTO RODRIGUES DE MELO BRAGA","email":"augustorodrigues@mail.com"},
    {"id": 9,"name":"BRENDA CHRISTINE CUSTODIO VIEIRA ","email":"brendavieira@mail.com"},
    {"id": 10,"name":"BRUNO BARBOSA SANTOS ","email":"brunosantos@mail.com"},
    {"id": 11,"name":"CAIQUE CALIOPE OLIVEIRA CORCOVIA","email":"caiquecorcovia@mail.com"},
    {"id": 12,"name":"DANUBIO RAYN FERNANDO MOREIRA MULLER ","email":"danubiomuller@mail.com"},
    {"id": 13,"name":"DAVID GOMES NASCIMENTO","email":"davidnascimento@mail.com"},
    {"id": 14,"name":"DAVID HENRIQUE SOUZA SANTANA ","email":"davidsantana@mail.com"},
    {"id": 15,"name":"EMMANUELLE FLORA AMARAL BARBOSA DE OLIVEIRA","email":"emmanuelleoliveira@mail.com"},
    {"id": 16,"name":"FABRICIO RODRIGUES PEREIRA ","email":"fabriciopereira@mail.com"},
    {"id": 17,"name":"FELIPE ALAN DE ALMEIDA","email":"felipealmeida@mail.com"},
    {"id": 18,"name":"FELIPE BUENO NUNES ","email":"felipenunes@mail.com"},
    {"id": 19,"name":"FELIPE TESSAROLLO RAMOS","email":"feliperamos@mail.com"},
    {"id": 20,"name":"FELIPE VICENTINI ALVAREZ ","email":"felipealvarez@mail.com"},
    {"id": 21,"name":"FELYPE NASCIMENTO SILVA ","email":"felypesilva@mail.com"},
    {"id": 22,"name":"FERNANDO CELESTRINO RIBEIRO ","email":"fernandoribeiro@mail.com"},
    {"id": 23,"name":"GABRIEL DE SOUSA","email":"gabrielsousa@mail.com"},
    {"id": 24,"name":"GABRIELA LARYSSA OLIVEIRA MOREIRA","email":"gabrielamoreira@mail.com"},
    {"id": 25,"name":"GISLENE SAYURI KUDO DE CAMARGO RODRIGUES","email":"gislenerodrigues@mail.com"},
    {"id": 26,"name":"GUSTAVO DOS SANTOS","email":"gustavosantos@mail.com"},
    {"id": 27,"name":"HUGO SOUSA PAIVA ","email":"hugopaiva@mail.com"},
    {"id": 28,"name":"IVAN RAMALHO TONIAL","email":"ivantonial@mail.com"},
    {"id": 29,"name":"JAIME EDUARDO BURBANO LANDAZURI NETO","email":"jaimeneto@mail.com"},
    {"id": 30,"name":"JOAO LUCAS DE ALCANTARA","email":"joaoalcantara@mail.com"},
    {"id": 31,"name":"JOAO MIGUEL CANDIDO ANASTACIO COSTA ","email":"joaocosta@mail.com"},
    {"id": 32,"name":"JOSE CARLOS BATISTA DE OLIVEIRA NETO ","email":"joseneto@mail.com"},
    {"id": 33,"name":"LUAN RAABE PEREIRA FERREIRA ","email":"luanferreira@mail.com"},
    {"id": 34,"name":"LUIS GUSTAVO CARDOSO ZANETTI PEREIRA ","email":"luispereira@mail.com"},
    {"id": 35,"name":"LUIZ GUSTAVO RIBEIRO CALDAS DA SILVA ","email":"luizsilva@mail.com"},
    {"id": 36,"name":"MARCOS DOUGLAS DA SILVA MARTINS ","email":"marcosmartins@mail.com"},
    {"id": 37,"name":"MARCOS PETER SOUZA LOBATO JUNIOR ","email":"marcosjunior@mail.com"},
    {"id": 38,"name":"MARCOS RAFAEL DE PAULA ","email":"marcospaula@mail.com"},
    {"id": 39,"name":"MAURO DE MELO LOPES","email":"maurolopes@mail.com"},
    {"id": 40,"name":"PAOLA RAMOS SARAIVA ","email":"paolasaraiva@mail.com"},
    {"id": 41,"name":"PAULO ALEXANDRE DA SILVA","email":"paulosilva@mail.com"},
    {"id": 42,"name":"PEDRO IVO COELHO BARBOSA","email":"pedrobarbosa@mail.com"},
    {"id": 43,"name":"PEDRO LUCAS DE CASTRO SILVA","email":"pedrolucas@mail.com"},
    {"id": 44,"name":"PLINIO FIGUEIREDO DOS SANTOS","email":"pliniosantos@mail.com"},
    {"id": 45,"name":"RENATO MIGUEL NASCIMENTO OLIVEIRA","email":"renatooliveira@mail.com"},
    {"id": 46,"name":"RICARDO FELIPE MAGALHAES CARDOSO ","email":"ricardocardoso@mail.com"},
    {"id": 47,"name":"RIDAILDA FLAVIA DE SOUZA PEREIRA ","email":"ridaildapereira@mail.com"},
    {"id": 48,"name":"RODRIGO LUIZ DE FRANCA ","email":"rodrigofranca@mail.com"},
    {"id": 49,"name":"RODRIGO SOUZA DE FREITAS","email":"rodrigofreitas@mail.com"},
    {"id": 50,"name":"RODRIGO VIEIRA CHAVES ","email":"rodrigochaves@mail.com"},
    {"id": 51,"name":"SAMUEL HENRIQUE VIEIRA RODRIGUES","email":"samuelrodrigues@mail.com"},
    {"id": 52,"name":"SERGIO PEREIRA DE OLIVEIRA JUNIOR ","email":"sergiojunior@mail.com"},
    {"id": 53,"name":"STENIO VINICIOS DE MEDEIROS","email":"steniomedeiros@mail.com"},
    {"id": 54,"name":"TALITA OLIVEIRA DUARTE ","email":"talitaduarte@mail.com"},
    {"id": 55,"name":"TIAGO SANTOS DE JESUS","email":"tiagojesus@mail.com"},
    {"id": 56,"name":"VICTOR HUGO DA SILVA CAMPOS ","email":"victorcampos@mail.com"},
    {"id": 57,"name":"VICTORIA MARIA DE QUEIROZ LOPES DE ABREU","email":"victoriaabreu@mail.com"},
    {"id": 58,"name":"VINICIUS NORONHA ALMEIDA","email":"viniciusalmeida@mail.com"},
    {"id": 59,"name":"VITOR RAMOS TURIBIO ","email":"vitorturibio@mail.com"},
    {"id": 60,"name":"WASHINGTON DE SOUZA GACHO ","email":"washingtongacho@mail.com"},
    {"id": 61,"name":"WELLINGTON RAMOS LACERDA FILHO","email":"wellingtonfilho@mail.com"},
    {"id": 62,"name":"YAN CASSIANO VIEIRA ","email":"yanvieira@mail.com"},
    {"id": 63,"name":"YETE ABUNA MARQUES LABARCA","email":"yetelabarca@mail.com"}
]